<?xml version="1.0" encoding="UTF-8"?>
<project-private xmlns="http://www.netbeans.org/ns/project-private/1">
    <editor-bookmarks xmlns="http://www.netbeans.org/ns/editor-bookmarks/2" lastBookmarkId="0"/>
    <open-files xmlns="http://www.netbeans.org/ns/projectui-open-files/2">
        <group>
            <file>file:/C:/Users/ACER/Documents/NetBeansProjects/pembayaran_spp/src/pembayaran_spp/history.java</file>
            <file>file:/C:/Users/ACER/Documents/NetBeansProjects/pembayaran_spp/src/pembayaran_spp/siswa.java</file>
            <file>file:/C:/Users/ACER/Documents/NetBeansProjects/pembayaran_spp/src/pembayaran_spp/form_petugas.java</file>
            <file>file:/C:/Users/ACER/Documents/NetBeansProjects/pembayaran_spp/src/pembayaran_spp/Pembayaran_spp.java</file>
            <file>file:/C:/Users/ACER/Documents/NetBeansProjects/pembayaran_spp/src/pembayaran_spp/welcome.java</file>
            <file>file:/C:/Users/ACER/Documents/NetBeansProjects/pembayaran_spp/src/pembayaran_spp/file.java</file>
            <file>file:/C:/Users/ACER/Documents/NetBeansProjects/pembayaran_spp/src/pembayaran_spp/kelas.java</file>
            <file>file:/C:/Users/ACER/Documents/NetBeansProjects/pembayaran_spp/src/pembayaran_spp/laporan.java</file>
            <file>file:/C:/Users/ACER/Documents/NetBeansProjects/pembayaran_spp/src/pembayaran_spp/spp.java</file>
            <file>file:/C:/Users/ACER/Documents/NetBeansProjects/pembayaran_spp/src/pembayaran_spp/admin.java</file>
            <file>file:/C:/Users/ACER/Documents/NetBeansProjects/pembayaran_spp/src/pembayaran_spp/login.java</file>
            <file>file:/C:/Users/ACER/Documents/NetBeansProjects/pembayaran_spp/src/pembayaran_spp/pembayaran.java</file>
        </group>
    </open-files>
</project-private>
